aid,uid,score
747,2245869,0.3914076089859009
1180,14947958,0.5141363143920898
257,16950131,0.6182264089584351
463,76895171,0.6607243418693542
1886,53838952,0.3914076089859009
371,43758124,0.5141363739967346
