aid,uid,score
747,2245869,0.47983622550964355
1180,14947958,0.4017428159713745
257,16950131,0.5560715794563293
463,76895171,0.47398337721824646
1886,53838952,0.47983622550964355
371,43758124,0.4017428159713745
