aid,uid,score
747,2245869,0.48903241753578186
1180,14947958,0.507477879524231
257,16950131,0.39425989985466003
463,76895171,0.5227227210998535
1886,53838952,0.48903241753578186
371,43758124,0.507477879524231
