aid,uid,score
747,2245869,0.6290390491485596
1180,14947958,0.20761103928089142
257,16950131,0.5528789758682251
463,76895171,0.42440715432167053
1886,53838952,0.6290390491485596
371,43758124,0.20761103928089142
