aid,uid,score
747,2245869,0.7861015200614929
1180,14947958,0.35249248147010803
257,16950131,0.3752628564834595
463,76895171,0.5013542771339417
1886,53838952,0.7861015796661377
371,43758124,0.3524925410747528
