aid,uid,score
747,2245869,0.4700200855731964
1180,14947958,0.42572474479675293
257,16950131,0.39951983094215393
463,76895171,0.6315978169441223
1886,53838952,0.4700201153755188
371,43758124,0.4257247745990753
