aid,uid,score
747,2245869,0.44483089447021484
1180,14947958,0.4144154489040375
257,16950131,0.279575377702713
463,76895171,0.765311062335968
1886,53838952,0.44483089447021484
371,43758124,0.4144154489040375
