aid,uid,score
747,2245869,0.6167846322059631
1180,14947958,0.2955074906349182
257,16950131,0.48814401030540466
463,76895171,0.4002027213573456
1886,53838952,0.6167846322059631
371,43758124,0.2955074906349182
