aid,uid,score
747,2245869,0.5898816585540771
1180,14947958,0.4525420069694519
257,16950131,0.30385008454322815
463,76895171,0.7373602390289307
1886,53838952,0.5898816585540771
371,43758124,0.4525420367717743
