aid,uid,score
747,2245869,0.448166161775589
1180,14947958,0.44315648078918457
257,16950131,0.5660755038261414
463,76895171,0.4187268018722534
1886,53838952,0.44816625118255615
371,43758124,0.4431564509868622
