aid,uid,score
747,2245869,0.4300757944583893
1180,14947958,0.6386707425117493
257,16950131,0.4643334746360779
463,76895171,0.47635993361473083
1886,53838952,0.4300757348537445
371,43758124,0.6386707425117493
