aid,uid,score
747,2245869,0.4840596318244934
1180,14947958,0.5018267035484314
257,16950131,0.5963757634162903
463,76895171,0.41655951738357544
1886,53838952,0.4840596318244934
371,43758124,0.5018267035484314
