aid,uid,score
747,2245869,0.557243287563324
1180,14947958,0.5012619495391846
257,16950131,0.4279681146144867
463,76895171,0.6195462346076965
1886,53838952,0.557243287563324
371,43758124,0.5012619495391846
