aid,uid,score
747,2245869,0.5085337162017822
1180,14947958,0.41397184133529663
257,16950131,0.5149534940719604
463,76895171,0.4850394129753113
1886,53838952,0.5085338354110718
371,43758124,0.41397184133529663
